
{"data":
[{"check":"","name":"集体户口办理事项","part":"户籍管理科","oper":""},
  {"check":"","name":"集体户口办理事项","part":"户籍管理科","oper":""},
  {"check":"","name":"集体户口办理事项","part":"户籍管理科","oper":""},
  {"check":"","name":"集体户口办理事项","part":"户籍管理科","oper":""},
  {"check":"","name":"集体户口办理事项","part":"户籍管理科","oper":""},
  {"check":"","name":"集体户口办理事项","part":"户籍管理科","oper":""},
  {"check":"","name":"集体户口办理事项","part":"户籍管理科","oper":""},
  {"check":"","name":"集体户口办理事项","part":"户籍管理科","oper":""},
  {"check":"","name":"集体户口办理事项","part":"户籍管理科","oper":""},
  {"check":"","name":"集体户口办理事项","part":"户籍管理科","oper":""},
  {"check":"","name":"集体户口办理事项","part":"户籍管理科","oper":""}















]}